"trainer/global_step","canary-finetune_SA_SP_lillelyd_cv-4_27652665 - training_batch_wer","canary-finetune_SA_SP_lillelyd_cv-4_27652665 - training_batch_wer__MIN","canary-finetune_SA_SP_lillelyd_cv-4_27652665 - training_batch_wer__MAX","canary-finetune_SA_SP_lillelyd_cv-4_27652665 - _step","canary-finetune_SA_SP_lillelyd_cv-4_27652665 - _step__MIN","canary-finetune_SA_SP_lillelyd_cv-4_27652665 - _step__MAX"
"0","0.4960317313671112","0.4960317313671112","0.4960317313671112","0","0","0"
"1","0.5865724086761475","0.5865724086761475","0.5865724086761475","1","1","1"
"2","0.5978647470474243","0.5978647470474243","0.5978647470474243","2","2","2"
"3","0.7154471278190613","0.7154471278190613","0.7154471278190613","3","3","3"
"4","0.7399267554283142","0.7399267554283142","0.7399267554283142","4","4","4"
"5","0.6276595592498779","0.6276595592498779","0.6276595592498779","5","5","5"
"6","0.5056179761886597","0.5056179761886597","0.5056179761886597","6","6","6"
"7","0.5384615659713745","0.5384615659713745","0.5384615659713745","7","7","7"
"8","0.4119718372821808","0.4119718372821808","0.4119718372821808","8","8","8"
"9","0.4035087823867798","0.4035087823867798","0.4035087823867798","9","9","9"
"10","0.6169354915618896","0.6169354915618896","0.6169354915618896","10","10","10"
"11","0.44736841320991516","0.44736841320991516","0.44736841320991516","11","11","11"
"12","0.347517728805542","0.347517728805542","0.347517728805542","12","12","12"
"13","0.28308823704719543","0.28308823704719543","0.28308823704719543","13","13","13"
"14","0.6033057570457458","0.6033057570457458","0.6033057570457458","14","14","14"
"15","0.35789474844932556","0.35789474844932556","0.35789474844932556","15","15","15"
"16","0.4119718372821808","0.4119718372821808","0.4119718372821808","16","16","16"
"17","0.34117648005485535","0.34117648005485535","0.34117648005485535","17","17","17"
"18","0.5289575457572937","0.5289575457572937","0.5289575457572937","18","18","18"
"19","0.4609929025173187","0.4609929025173187","0.4609929025173187","19","19","19"
"20","0.33212995529174805","0.33212995529174805","0.33212995529174805","20","20","20"
"21","0.44262295961380005","0.44262295961380005","0.44262295961380005","21","21","21"
"22","0.34408602118492126","0.34408602118492126","0.34408602118492126","22","22","22"
"23","0.30035334825515747","0.30035334825515747","0.30035334825515747","23","23","23"
"24","0.25954198837280273","0.25954198837280273","0.25954198837280273","24","24","24"
"25","0.289682537317276","0.289682537317276","0.289682537317276","25","25","25"
"26","0.47349822521209717","0.47349822521209717","0.47349822521209717","26","26","26"
"27","0.43157893419265747","0.43157893419265747","0.43157893419265747","181","181","181"
"28","0.2936508059501648","0.2936508059501648","0.2936508059501648","182","182","182"
"29","0.4558303952217102","0.4558303952217102","0.4558303952217102","183","183","183"
"30","0.4021352231502533","0.4021352231502533","0.4021352231502533","184","184","184"
"31","0.4186991751194","0.4186991751194","0.4186991751194","185","185","185"
"32","0.5860806107521057","0.5860806107521057","0.5860806107521057","186","186","186"
"33","0.542553186416626","0.542553186416626","0.542553186416626","187","187","187"
"34","0.3408239781856537","0.3408239781856537","0.3408239781856537","188","188","188"
"35","0.3198380470275879","0.3198380470275879","0.3198380470275879","189","189","189"
"36","0.40140846371650696","0.40140846371650696","0.40140846371650696","190","190","190"
"37","0.20000000298023224","0.20000000298023224","0.20000000298023224","191","191","191"
"38","0.5201612710952759","0.5201612710952759","0.5201612710952759","192","192","192"
"39","0.3195488750934601","0.3195488750934601","0.3195488750934601","193","193","193"
"40","0.22695034742355347","0.22695034742355347","0.22695034742355347","194","194","194"
"41","0.1507352888584137","0.1507352888584137","0.1507352888584137","195","195","195"
"42","0.3471074402332306","0.3471074402332306","0.3471074402332306","196","196","196"
"43","0.22807016968727112","0.22807016968727112","0.22807016968727112","197","197","197"
"44","0.22183097898960114","0.22183097898960114","0.22183097898960114","198","198","198"
"45","0.2666666805744171","0.2666666805744171","0.2666666805744171","199","199","199"
"46","0.47876447439193726","0.47876447439193726","0.47876447439193726","200","200","200"
"47","0.326241135597229","0.326241135597229","0.326241135597229","201","201","201"
"48","0.32129964232444763","0.32129964232444763","0.32129964232444763","202","202","202"
"49","0.2991803288459778","0.2991803288459778","0.2991803288459778","203","203","203"
"50","0.31182795763015747","0.31182795763015747","0.31182795763015747","204","204","204"
"51","0.31448763608932495","0.31448763608932495","0.31448763608932495","205","205","205"
"52","0.19847328960895538","0.19847328960895538","0.19847328960895538","206","206","206"
"53","0.2142857164144516","0.2142857164144516","0.2142857164144516","207","207","207"
"54","0.3604240417480469","0.3604240417480469","0.3604240417480469","208","208","208"
"55","0.16842105984687805","0.16842105984687805","0.16842105984687805","363","363","363"
"56","0.1984127014875412","0.1984127014875412","0.1984127014875412","364","364","364"
"57","0.3321554660797119","0.3321554660797119","0.3321554660797119","365","365","365"
"58","0.38078293204307556","0.38078293204307556","0.38078293204307556","366","366","366"
"59","0.3861788511276245","0.3861788511276245","0.3861788511276245","367","367","367"
"60","0.4981684982776642","0.4981684982776642","0.4981684982776642","368","368","368"
"61","0.40780141949653625","0.40780141949653625","0.40780141949653625","369","369","369"
"62","0.31086140871047974","0.31086140871047974","0.31086140871047974","370","370","370"
"63","0.19838055968284607","0.19838055968284607","0.19838055968284607","371","371","371"
"64","0.34859153628349304","0.34859153628349304","0.34859153628349304","372","372","372"
"65","0.17543859779834747","0.17543859779834747","0.17543859779834747","373","373","373"
"66","0.30645161867141724","0.30645161867141724","0.30645161867141724","374","374","374"
"67","0.21052631735801697","0.21052631735801697","0.21052631735801697","375","375","375"
"68","0.24468085169792175","0.24468085169792175","0.24468085169792175","376","376","376"
"69","0.1360294073820114","0.1360294073820114","0.1360294073820114","377","377","377"
"70","0.35537189245224","0.35537189245224","0.35537189245224","378","378","378"
"71","0.17543859779834747","0.17543859779834747","0.17543859779834747","379","379","379"
"72","0.20070423185825348","0.20070423185825348","0.20070423185825348","380","380","380"
"73","0.11764705926179886","0.11764705926179886","0.11764705926179886","381","381","381"
"74","0.3667953610420227","0.3667953610420227","0.3667953610420227","382","382","382"
"75","0.1808510571718216","0.1808510571718216","0.1808510571718216","383","383","383"
"76","0.22382672131061554","0.22382672131061554","0.22382672131061554","384","384","384"
"77","0.2909836173057556","0.2909836173057556","0.2909836173057556","385","385","385"
"78","0.20788531005382538","0.20788531005382538","0.20788531005382538","386","386","386"
"79","0.208480566740036","0.208480566740036","0.208480566740036","387","387","387"
"80","0.1564885526895523","0.1564885526895523","0.1564885526895523","388","388","388"
"81","0.2023809552192688","0.2023809552192688","0.2023809552192688","389","389","389"
"82","0.2226148396730423","0.2226148396730423","0.2226148396730423","390","390","390"
"83","0.3263157904148102","0.3263157904148102","0.3263157904148102","545","545","545"
"84","0.1230158731341362","0.1230158731341362","0.1230158731341362","546","546","546"
"85","0.2332155406475067","0.2332155406475067","0.2332155406475067","547","547","547"
"86","0.3665480315685272","0.3665480315685272","0.3665480315685272","548","548","548"
"87","0.288617879152298","0.288617879152298","0.288617879152298","549","549","549"
"88","0.4285714328289032","0.4285714328289032","0.4285714328289032","550","550","550"
"89","0.3404255211353302","0.3404255211353302","0.3404255211353302","551","551","551"
"90","0.1910112351179123","0.1910112351179123","0.1910112351179123","552","552","552"
"91","0.1538461595773697","0.1538461595773697","0.1538461595773697","553","553","553"
"92","0.25","0.25","0.25","554","554","554"
"93","0.08070175349712372","0.08070175349712372","0.08070175349712372","555","555","555"
"94","1","1","1","556","556","556"
"95","0.15789473056793213","0.15789473056793213","0.15789473056793213","557","557","557"
"96","0.09929078072309494","0.09929078072309494","0.09929078072309494","558","558","558"
"97","0.07720588147640228","0.07720588147640228","0.07720588147640228","559","559","559"
"98","0.1487603336572647","0.1487603336572647","0.1487603336572647","560","560","560"
"99","0.0736842080950737","0.0736842080950737","0.0736842080950737","561","561","561"
"100","0.0809859186410904","0.0809859186410904","0.0809859186410904","562","562","562"
"101","0.10588235408067703","0.10588235408067703","0.10588235408067703","563","563","563"
"102","0.2625482678413391","0.2625482678413391","0.2625482678413391","564","564","564"
"103","0.11347517371177673","0.11347517371177673","0.11347517371177673","565","565","565"
"104","0.11191336065530777","0.11191336065530777","0.11191336065530777","566","566","566"
"105","0.1844262331724167","0.1844262331724167","0.1844262331724167","567","567","567"
"106","0.05017921328544617","0.05017921328544617","0.05017921328544617","568","568","568"
"107","0.060070671141147614","0.060070671141147614","0.060070671141147614","569","569","569"
"108","0.10687022656202316","0.10687022656202316","0.10687022656202316","570","570","570"
"109","0.1190476194024086","0.1190476194024086","0.1190476194024086","571","571","571"
"110","0.09187278896570206","0.09187278896570206","0.09187278896570206","572","572","572"
"111","0.09473684430122375","0.09473684430122375","0.09473684430122375","727","727","727"
"112","0.0714285746216774","0.0714285746216774","0.0714285746216774","728","728","728"
"113","0.11660777032375336","0.11660777032375336","0.11660777032375336","729","729","729"
"114","0.12455516308546066","0.12455516308546066","0.12455516308546066","730","730","730"
"115","0.14227642118930817","0.14227642118930817","0.14227642118930817","731","731","731"
"116","0.21611721813678741","0.21611721813678741","0.21611721813678741","732","732","732"
"117","0.20212766528129578","0.20212766528129578","0.20212766528129578","733","733","733"
"118","0.0749063640832901","0.0749063640832901","0.0749063640832901","734","734","734"
"119","0.10526315867900848","0.10526315867900848","0.10526315867900848","735","735","735"
"120","0.0809859186410904","0.0809859186410904","0.0809859186410904","736","736","736"
"121","0.007017544005066156","0.007017544005066156","0.007017544005066156","737","737","737"
"122","0.11693548411130905","0.11693548411130905","0.11693548411130905","738","738","738"
"123","0.04135338217020035","0.04135338217020035","0.04135338217020035","739","739","739"
"124","0.060283686965703964","0.060283686965703964","0.060283686965703964","740","740","740"
"125","0.029411764815449715","0.029411764815449715","0.029411764815449715","741","741","741"
"126","0.14462809264659882","0.14462809264659882","0.14462809264659882","742","742","742"
"127","0.04912280663847923","0.04912280663847923","0.04912280663847923","743","743","743"
"128","0.07394365966320038","0.07394365966320038","0.07394365966320038","744","744","744"
"129","0.05098039284348488","0.05098039284348488","0.05098039284348488","745","745","745"
"130","0.16988417506217957","0.16988417506217957","0.16988417506217957","746","746","746"
"131","0.05673758685588837","0.05673758685588837","0.05673758685588837","747","747","747"
"132","0.10469313710927963","0.10469313710927963","0.10469313710927963","748","748","748"
"133","0.06147541105747223","0.06147541105747223","0.06147541105747223","749","749","749"
"134","0.0788530483841896","0.0788530483841896","0.0788530483841896","750","750","750"
"135","0.0742049440741539","0.0742049440741539","0.0742049440741539","751","751","751"
"136","0.06870228797197342","0.06870228797197342","0.06870228797197342","752","752","752"
"137","0.0873015895485878","0.0873015895485878","0.0873015895485878","753","753","753"
"138","0.05653710290789604","0.05653710290789604","0.05653710290789604","754","754","754"
"139","0.031578946858644485","0.031578946858644485","0.031578946858644485","909","909","909"
"140","0.0714285746216774","0.0714285746216774","0.0714285746216774","910","910","910"
"141","0.08480565249919891","0.08480565249919891","0.08480565249919891","911","911","911"
"142","0.0854092538356781","0.0854092538356781","0.0854092538356781","912","912","912"
"143","0.15040650963783264","0.15040650963783264","0.15040650963783264","913","913","913"
"144","0.21611721813678741","0.21611721813678741","0.21611721813678741","914","914","914"
"145","0.12765957415103912","0.12765957415103912","0.12765957415103912","915","915","915"
"146","0.07865168899297714","0.07865168899297714","0.07865168899297714","916","916","916"
"147","0.036437246948480606","0.036437246948480606","0.036437246948480606","917","917","917"
"148","0.10915493220090866","0.10915493220090866","0.10915493220090866","918","918","918"
"149","0.024561403319239616","0.024561403319239616","0.024561403319239616","919","919","919"
"150","0.10483870655298233","0.10483870655298233","0.10483870655298233","920","920","920"
"151","0.007518797181546688","0.007518797181546688","0.007518797181546688","921","921","921"
"152","0.03191489353775978","0.03191489353775978","0.03191489353775978","922","922","922"
"153","0.018382353708148003","0.018382353708148003","0.018382353708148003","923","923","923"
"154","0.06198346987366676","0.06198346987366676","0.06198346987366676","924","924","924"
"155","0.04210526496171951","0.04210526496171951","0.04210526496171951","925","925","925"
"156","0.06338027864694595","0.06338027864694595","0.06338027864694595","926","926","926"
"157","0.07450980693101883","0.07450980693101883","0.07450980693101883","927","927","927"
"158","0.12741312384605408","0.12741312384605408","0.12741312384605408","928","928","928"
"159","0.03546099364757538","0.03546099364757538","0.03546099364757538","929","929","929"
"160","0.018050542101264","0.018050542101264","0.018050542101264","930","930","930"
"161","0.04098360612988472","0.04098360612988472","0.04098360612988472","931","931","931"
"162","0.00716845877468586","0.00716845877468586","0.00716845877468586","932","932","932"
"163","0.04593639448285103","0.04593639448285103","0.04593639448285103","933","933","933"
"164","0.06106870248913765","0.06106870248913765","0.06106870248913765","934","934","934"
"165","0.01984127052128315","0.01984127052128315","0.01984127052128315","935","935","935"
"166","0.0494699664413929","0.0494699664413929","0.0494699664413929","936","936","936"
"167","0.010526316240429878","0.010526316240429878","0.010526316240429878","1091","1091","1091"
"168","0.0317460335791111","0.0317460335791111","0.0317460335791111","1092","1092","1092"
"169","0.05300353467464447","0.05300353467464447","0.05300353467464447","1093","1093","1093"
"170","0.07117437571287155","0.07117437571287155","0.07117437571287155","1094","1094","1094"
"171","0.08943089097738266","0.08943089097738266","0.08943089097738266","1095","1095","1095"
"172","0.10989011079072952","0.10989011079072952","0.10989011079072952","1096","1096","1096"
"173","0.042553190141916275","0.042553190141916275","0.042553190141916275","1097","1097","1097"
"174","0.02247191034257412","0.02247191034257412","0.02247191034257412","1098","1098","1098"
"175","0.036437246948480606","0.036437246948480606","0.036437246948480606","1099","1099","1099"
"176","0.09507042169570923","0.09507042169570923","0.09507042169570923","1100","1100","1100"
"177","0","0","0","1101","1101","1101"
"178","0.03629032149910927","0.03629032149910927","0.03629032149910927","1102","1102","1102"
"179","0.03759398311376572","0.03759398311376572","0.03759398311376572","1103","1103","1103"
"180","0.010638297535479069","0.010638297535479069","0.010638297535479069","1104","1104","1104"
"181","0.018382353708148003","0.018382353708148003","0.018382353708148003","1105","1105","1105"
"182","0.028925620019435883","0.028925620019435883","0.028925620019435883","1106","1106","1106"
"183","0.003508772002533078","0.003508772002533078","0.003508772002533078","1107","1107","1107"
"184","0.07746478915214539","0.07746478915214539","0.07746478915214539","1108","1108","1108"
"185","0.03529411926865578","0.03529411926865578","0.03529411926865578","1109","1109","1109"
"186","0.07335907220840454","0.07335907220840454","0.07335907220840454","1110","1110","1110"
"187","0.042553190141916275","0.042553190141916275","0.042553190141916275","1111","1111","1111"
"188","0.04693140834569931","0.04693140834569931","0.04693140834569931","1112","1112","1112"
"189","0.0450819656252861","0.0450819656252861","0.0450819656252861","1113","1113","1113"
"190","0.00716845877468586","0.00716845877468586","0.00716845877468586","1114","1114","1114"
"191","0.04593639448285103","0.04593639448285103","0.04593639448285103","1115","1115","1115"
"192","0.03435114398598671","0.03435114398598671","0.03435114398598671","1116","1116","1116"
"193","0.0555555559694767","0.0555555559694767","0.0555555559694767","1117","1117","1117"
"194","0.05653710290789604","0.05653710290789604","0.05653710290789604","1118","1118","1118"
"195","0","0","0","1273","1273","1273"
"196","0.0396825410425663","0.0396825410425663","0.0396825410425663","1274","1274","1274"
"197","0.04593639448285103","0.04593639448285103","0.04593639448285103","1275","1275","1275"
"198","0.02846975065767765","0.02846975065767765","0.02846975065767765","1276","1276","1276"
"199","0.12195122241973877","0.12195122241973877","0.12195122241973877","1277","1277","1277"
"200","0.09157509356737137","0.09157509356737137","0.09157509356737137","1278","1278","1278"
"201","0.07801418751478195","0.07801418751478195","0.07801418751478195","1279","1279","1279"
"202","0.02247191034257412","0.02247191034257412","0.02247191034257412","1280","1280","1280"
"203","0","0","0","1281","1281","1281"
"204","0.07746478915214539","0.07746478915214539","0.07746478915214539","1282","1282","1282"
"205","0","0","0","1283","1283","1283"
"206","0.032258063554763794","0.032258063554763794","0.032258063554763794","1284","1284","1284"
"207","0.02631578966975212","0.02631578966975212","0.02631578966975212","1285","1285","1285"
"208","0.003546099178493023","0.003546099178493023","0.003546099178493023","1286","1286","1286"
"209","0","0","0","1287","1287","1287"
"210","0.020661156624555588","0.020661156624555588","0.020661156624555588","1288","1288","1288"
"211","0.024561403319239616","0.024561403319239616","0.024561403319239616","1289","1289","1289"
"212","0","0","0","1290","1290","1290"
"213","0.0313725508749485","0.0313725508749485","0.0313725508749485","1291","1291","1291"
"214","0.019305018708109856","0.019305018708109856","0.019305018708109856","1292","1292","1292"
"215","0.007092198356986046","0.007092198356986046","0.007092198356986046","1293","1293","1293"
"216","0.010830325074493885","0.010830325074493885","0.010830325074493885","1294","1294","1294"
"217","0.02459016442298889","0.02459016442298889","0.02459016442298889","1295","1295","1295"
"218","0.04659498110413551","0.04659498110413551","0.04659498110413551","1296","1296","1296"
"219","0.03180212154984474","0.03180212154984474","0.03180212154984474","1297","1297","1297"
"220","0.003816793905571103","0.003816793905571103","0.003816793905571103","1298","1298","1298"
"221","0.02777777798473835","0.02777777798473835","0.02777777798473835","1299","1299","1299"
"222","0.05653710290789604","0.05653710290789604","0.05653710290789604","1300","1300","1300"
"223","0","0","0","1455","1455","1455"
"224","0.0357142873108387","0.0357142873108387","0.0357142873108387","1456","1456","1456"
"225","0.01413427572697401","0.01413427572697401","0.01413427572697401","1457","1457","1457"
"226","0.02846975065767765","0.02846975065767765","0.02846975065767765","1458","1458","1458"
"227","0.06910569220781326","0.06910569220781326","0.06910569220781326","1459","1459","1459"
"228","0.11721611768007278","0.11721611768007278","0.11721611768007278","1460","1460","1460"
"229","0.08865248411893845","0.08865248411893845","0.08865248411893845","1461","1461","1461"
"230","0.02247191034257412","0.02247191034257412","0.02247191034257412","1462","1462","1462"
"231","0","0","0","1463","1463","1463"
"232","0.035211268812417984","0.035211268812417984","0.035211268812417984","1464","1464","1464"
"233","0","0","0","1465","1465","1465"
"234","0.07661290466785431","0.07661290466785431","0.07661290466785431","1466","1466","1466"
"235","0","0","0","1467","1467","1467"
"236","0","0","0","1468","1468","1468"
"237","0","0","0","1469","1469","1469"
"238","0","0","0","1470","1470","1470"
"239","0.035087719559669495","0.035087719559669495","0.035087719559669495","1471","1471","1471"
"240","0.007042253389954567","0.007042253389954567","0.007042253389954567","1472","1472","1472"
"241","0.0313725508749485","0.0313725508749485","0.0313725508749485","1473","1473","1473"
"242","0.057915057986974716","0.057915057986974716","0.057915057986974716","1474","1474","1474"
"243","0.003546099178493023","0.003546099178493023","0.003546099178493023","1475","1475","1475"
"244","0","0","0","1476","1476","1476"
"245","0.02459016442298889","0.02459016442298889","0.02459016442298889","1477","1477","1477"
"246","0.01075268816202879","0.01075268816202879","0.01075268816202879","1478","1478","1478"
"247","0.02826855145394802","0.02826855145394802","0.02826855145394802","1479","1479","1479"
"248","0.003816793905571103","0.003816793905571103","0.003816793905571103","1480","1480","1480"
"249","0.003968254197388887","0.003968254197388887","0.003968254197388887","1481","1481","1481"
"250","0.0035335689317435026","0.0035335689317435026","0.0035335689317435026","1482","1482","1482"
"251","0","0","0","1637","1637","1637"
"252","0.02380952425301075","0.02380952425301075","0.02380952425301075","1638","1638","1638"
"253","0","0","0","1639","1639","1639"
"254","0.0035587188322097063","0.0035587188322097063","0.0035587188322097063","1640","1640","1640"
"255","0.03252032399177551","0.03252032399177551","0.03252032399177551","1641","1641","1641"
"256","0.05128205195069313","0.05128205195069313","0.05128205195069313","1642","1642","1642"
"257","0.024822695180773735","0.024822695180773735","0.024822695180773735","1643","1643","1643"
"258","0.01123595517128706","0.01123595517128706","0.01123595517128706","1644","1644","1644"
"259","0","0","0","1645","1645","1645"
"260","0.04929577559232712","0.04929577559232712","0.04929577559232712","1646","1646","1646"
"261","0","0","0","1647","1647","1647"
"262","0","0","0","1648","1648","1648"
"263","0.01879699155688286","0.01879699155688286","0.01879699155688286","1649","1649","1649"
"264","0.010638297535479069","0.010638297535479069","0.010638297535479069","1650","1650","1650"
"265","0","0","0","1651","1651","1651"
"266","0","0","0","1652","1652","1652"
"267","0","0","0","1653","1653","1653"
"268","0.017605634406208992","0.017605634406208992","0.017605634406208992","1654","1654","1654"
"269","0.019607843831181526","0.019607843831181526","0.019607843831181526","1655","1655","1655"
"270","0.0038610037881881","0.0038610037881881","0.0038610037881881","1656","1656","1656"
"271","0.007092198356986046","0.007092198356986046","0.007092198356986046","1657","1657","1657"
"272","0.03249097615480423","0.03249097615480423","0.03249097615480423","1658","1658","1658"
"273","0","0","0","1659","1659","1659"
"274","0.00716845877468586","0.00716845877468586","0.00716845877468586","1660","1660","1660"
"275","0.007067137863487005","0.007067137863487005","0.007067137863487005","1661","1661","1661"
"276","0.003816793905571103","0.003816793905571103","0.003816793905571103","1662","1662","1662"
"277","0.01984127052128315","0.01984127052128315","0.01984127052128315","1663","1663","1663"
"278","0","0","0","1664","1664","1664"
"279","0","0","0","1819","1819","1819"
"280","0.011904762126505375","0.011904762126505375","0.011904762126505375","1820","1820","1820"
"281","0","0","0","1821","1821","1821"
"282","0.07473309338092804","0.07473309338092804","0.07473309338092804","1822","1822","1822"
"283","0.09756097197532654","0.09756097197532654","0.09756097197532654","1823","1823","1823"
"284","0.06593406945466995","0.06593406945466995","0.06593406945466995","1824","1824","1824"
"285","0","0","0","1825","1825","1825"
"286","0","0","0","1826","1826","1826"
"287","0.008097166195511818","0.008097166195511818","0.008097166195511818","1827","1827","1827"
"288","0","0","0","1828","1828","1828"
"289","0.003508772002533078","0.003508772002533078","0.003508772002533078","1829","1829","1829"
"290","0","0","0","1830","1830","1830"
"291","0.02255639061331749","0.02255639061331749","0.02255639061331749","1831","1831","1831"
"292","0.09929078072309494","0.09929078072309494","0.09929078072309494","1832","1832","1832"
"293","0","0","0","1833","1833","1833"
"294","0.03305784985423088","0.03305784985423088","0.03305784985423088","1834","1834","1834"
"295","0.014035088010132313","0.014035088010132313","0.014035088010132313","1835","1835","1835"
"296","0.007042253389954567","0.007042253389954567","0.007042253389954567","1836","1836","1836"
"297","0.0235294122248888","0.0235294122248888","0.0235294122248888","1837","1837","1837"
"298","0.0154440151527524","0.0154440151527524","0.0154440151527524","1838","1838","1838"
"299","0","0","0","1839","1839","1839"
"300","0.02527075819671154","0.02527075819671154","0.02527075819671154","1840","1840","1840"
"301","0.02459016442298889","0.02459016442298889","0.02459016442298889","1841","1841","1841"
"302","0.017921147868037224","0.017921147868037224","0.017921147868037224","1842","1842","1842"
"303","0","0","0","1843","1843","1843"
"304","0.011450381949543953","0.011450381949543953","0.011450381949543953","1844","1844","1844"
"305","0","0","0","1845","1845","1845"
"306","0.060070671141147614","0.060070671141147614","0.060070671141147614","1846","1846","1846"
"307","0","0","0","2001","2001","2001"
"308","0.01587301678955555","0.01587301678955555","0.01587301678955555","2002","2002","2002"
"309","0.060070671141147614","0.060070671141147614","0.060070671141147614","2003","2003","2003"
"310","0.017793593928217888","0.017793593928217888","0.017793593928217888","2004","2004","2004"
"311","0.04065040498971939","0.04065040498971939","0.04065040498971939","2005","2005","2005"
"312","0.11355311423540115","0.11355311423540115","0.11355311423540115","2006","2006","2006"
"313","0.03546099364757538","0.03546099364757538","0.03546099364757538","2007","2007","2007"
"314","0.01123595517128706","0.01123595517128706","0.01123595517128706","2008","2008","2008"
"315","0.008097166195511818","0.008097166195511818","0.008097166195511818","2009","2009","2009"
"316","0.01056338008493185","0.01056338008493185","0.01056338008493185","2010","2010","2010"
"317","0.003508772002533078","0.003508772002533078","0.003508772002533078","2011","2011","2011"
"318","0","0","0","2012","2012","2012"
"319","0.04135338217020035","0.04135338217020035","0.04135338217020035","2013","2013","2013"
"320","0.003546099178493023","0.003546099178493023","0.003546099178493023","2014","2014","2014"
"321","0.011029412038624287","0.011029412038624287","0.011029412038624287","2015","2015","2015"
"322","0.03305784985423088","0.03305784985423088","0.03305784985423088","2016","2016","2016"
"323","0","0","0","2017","2017","2017"
"324","0.017605634406208992","0.017605634406208992","0.017605634406208992","2018","2018","2018"
"325","0","0","0","2019","2019","2019"
"326","0.027027027681469917","0.027027027681469917","0.027027027681469917","2020","2020","2020"
"327","0.021276595070958138","0.021276595070958138","0.021276595070958138","2021","2021","2021"
"328","0.003610108280554414","0.003610108280554414","0.003610108280554414","2022","2022","2022"
"329","0.032786883413791656","0.032786883413791656","0.032786883413791656","2023","2023","2023"
"330","0.00358422938734293","0.00358422938734293","0.00358422938734293","2024","2024","2024"
"331","0.0035335689317435026","0.0035335689317435026","0.0035335689317435026","2025","2025","2025"
"332","0.007633587811142206","0.007633587811142206","0.007633587811142206","2026","2026","2026"
"333","0.02777777798473835","0.02777777798473835","0.02777777798473835","2027","2027","2027"
"334","0","0","0","2028","2028","2028"
"335","0","0","0","2183","2183","2183"
"336","0.011904762126505375","0.011904762126505375","0.011904762126505375","2184","2184","2184"
"337","0.010600706562399864","0.010600706562399864","0.010600706562399864","2185","2185","2185"
"338","0","0","0","2186","2186","2186"
"339","0.060975611209869385","0.060975611209869385","0.060975611209869385","2187","2187","2187"
"340","0.0036630036775022745","0.0036630036775022745","0.0036630036775022745","2188","2188","2188"
"341","0","0","0","2189","2189","2189"
"342","0","0","0","2190","2190","2190"
"343","0","0","0","2191","2191","2191"
"344","0.014084506779909134","0.014084506779909134","0.014084506779909134","2192","2192","2192"
"345","0.003508772002533078","0.003508772002533078","0.003508772002533078","2193","2193","2193"
"346","0","0","0","2194","2194","2194"
"347","0.007518797181546688","0.007518797181546688","0.007518797181546688","2195","2195","2195"
"348","0","0","0","2196","2196","2196"
"349","0","0","0","2197","2197","2197"
"350","0","0","0","2198","2198","2198"
"351","0","0","0","2199","2199","2199"
"352","0","0","0","2200","2200","2200"
"353","0.05098039284348488","0.05098039284348488","0.05098039284348488","2201","2201","2201"
"354","0","0","0","2202","2202","2202"
"355","0","0","0","2203","2203","2203"
"356","0","0","0","2204","2204","2204"
"357","0","0","0","2205","2205","2205"
"358","0","0","0","2206","2206","2206"
"359","0","0","0","2207","2207","2207"
"360","0.019083969295024872","0.019083969295024872","0.019083969295024872","2208","2208","2208"
"361","0","0","0","2209","2209","2209"
"362","0","0","0","2210","2210","2210"
"363","0","0","0","2365","2365","2365"
"364","0","0","0","2366","2366","2366"
"365","0","0","0","2367","2367","2367"
"366","0.010676156729459763","0.010676156729459763","0.010676156729459763","2368","2368","2368"
"367","0.0731707289814949","0.0731707289814949","0.0731707289814949","2369","2369","2369"
"368","0.010989011265337467","0.010989011265337467","0.010989011265337467","2370","2370","2370"
"369","0","0","0","2371","2371","2371"
"370","0","0","0","2372","2372","2372"
"371","0","0","0","2373","2373","2373"
"372","0","0","0","2374","2374","2374"
"373","0","0","0","2375","2375","2375"
"374","0","0","0","2376","2376","2376"
"375","0","0","0","2377","2377","2377"
"376","0","0","0","2378","2378","2378"
"377","0","0","0","2379","2379","2379"
"378","0.00826446246355772","0.00826446246355772","0.00826446246355772","2380","2380","2380"
"379","0.010526316240429878","0.010526316240429878","0.010526316240429878","2381","2381","2381"
"380","0","0","0","2382","2382","2382"
"381","0.01568627543747425","0.01568627543747425","0.01568627543747425","2383","2383","2383"
"382","0.019305018708109856","0.019305018708109856","0.019305018708109856","2384","2384","2384"
"383","0","0","0","2385","2385","2385"
"384","0","0","0","2386","2386","2386"
"385","0","0","0","2387","2387","2387"
"386","0","0","0","2388","2388","2388"
"387","0.0035335689317435026","0.0035335689317435026","0.0035335689317435026","2389","2389","2389"
"388","0","0","0","2390","2390","2390"
"389","0","0","0","2391","2391","2391"
"390","0","0","0","2392","2392","2392"
"391","0","0","0","2547","2547","2547"
"392","0.003968254197388887","0.003968254197388887","0.003968254197388887","2548","2548","2548"
"393","0.02473498322069645","0.02473498322069645","0.02473498322069645","2549","2549","2549"
"394","0","0","0","2550","2550","2550"
"395","0","0","0","2551","2551","2551"
"396","0.04029304161667824","0.04029304161667824","0.04029304161667824","2552","2552","2552"
"397","0.024822695180773735","0.024822695180773735","0.024822695180773735","2553","2553","2553"
"398","0","0","0","2554","2554","2554"
"399","0","0","0","2555","2555","2555"
"400","0.017605634406208992","0.017605634406208992","0.017605634406208992","2556","2556","2556"
"401","0.014035088010132313","0.014035088010132313","0.014035088010132313","2557","2557","2557"
"402","0.04032257944345474","0.04032257944345474","0.04032257944345474","2558","2558","2558"
"403","0","0","0","2559","2559","2559"
"404","0.024822695180773735","0.024822695180773735","0.024822695180773735","2560","2560","2560"
"405","0","0","0","2561","2561","2561"
"406","0","0","0","2562","2562","2562"
"407","0.031578946858644485","0.031578946858644485","0.031578946858644485","2563","2563","2563"
"408","0","0","0","2564","2564","2564"
"409","0.019607843831181526","0.019607843831181526","0.019607843831181526","2565","2565","2565"
"410","0","0","0","2566","2566","2566"
"411","0","0","0","2567","2567","2567"
"412","0","0","0","2568","2568","2568"
"413","0","0","0","2569","2569","2569"
"414","0","0","0","2570","2570","2570"
"415","0.0035335689317435026","0.0035335689317435026","0.0035335689317435026","2571","2571","2571"
"416","0.003816793905571103","0.003816793905571103","0.003816793905571103","2572","2572","2572"
"417","0","0","0","2573","2573","2573"
"418","0.017667844891548157","0.017667844891548157","0.017667844891548157","2574","2574","2574"
"419","0","0","0","2729","2729","2729"
"420","0","0","0","2730","2730","2730"
"421","0","0","0","2731","2731","2731"
"422","0","0","0","2732","2732","2732"
"423","0.016260161995887756","0.016260161995887756","0.016260161995887756","2733","2733","2733"
"424","0.05860805884003639","0.05860805884003639","0.05860805884003639","2734","2734","2734"
"425","0","0","0","2735","2735","2735"
"426","0","0","0","2736","2736","2736"
"427","0","0","0","2737","2737","2737"
"428","0.01056338008493185","0.01056338008493185","0.01056338008493185","2738","2738","2738"
"429","0","0","0","2739","2739","2739"
"430","0.032258063554763794","0.032258063554763794","0.032258063554763794","2740","2740","2740"
"431","0.003759398590773344","0.003759398590773344","0.003759398590773344","2741","2741","2741"
"432","0.010638297535479069","0.010638297535479069","0.010638297535479069","2742","2742","2742"
"433","0","0","0","2743","2743","2743"
"434","0.041322313249111176","0.041322313249111176","0.041322313249111176","2744","2744","2744"
"435","0","0","0","2745","2745","2745"
"436","0","0","0","2746","2746","2746"
"437","0","0","0","2747","2747","2747"
"438","0","0","0","2748","2748","2748"
"439","0","0","0","2749","2749","2749"
"440","0","0","0","2750","2750","2750"
"441","0","0","0","2751","2751","2751"
"442","0","0","0","2752","2752","2752"
"443","0","0","0","2753","2753","2753"
"444","0.003816793905571103","0.003816793905571103","0.003816793905571103","2754","2754","2754"
"445","0.003968254197388887","0.003968254197388887","0.003968254197388887","2755","2755","2755"
"446","0.03180212154984474","0.03180212154984474","0.03180212154984474","2756","2756","2756"
"447","0","0","0","2911","2911","2911"
"448","0","0","0","2912","2912","2912"
"449","0","0","0","2913","2913","2913"
"450","0","0","0","2914","2914","2914"
"451","0.016260161995887756","0.016260161995887756","0.016260161995887756","2915","2915","2915"
"452","0","0","0","2916","2916","2916"
"453","0","0","0","2917","2917","2917"
"454","0","0","0","2918","2918","2918"
"455","0","0","0","2919","2919","2919"
"456","0.0211267601698637","0.0211267601698637","0.0211267601698637","2920","2920","2920"
"457","0","0","0","2921","2921","2921"
"458","0.02822580561041832","0.02822580561041832","0.02822580561041832","2922","2922","2922"
"459","0.003759398590773344","0.003759398590773344","0.003759398590773344","2923","2923","2923"
"460","0.007092198356986046","0.007092198356986046","0.007092198356986046","2924","2924","2924"
"461","0","0","0","2925","2925","2925"
"462","0","0","0","2926","2926","2926"
"463","0","0","0","2927","2927","2927"
"464","0","0","0","2928","2928","2928"
"465","0.027450980618596077","0.027450980618596077","0.027450980618596077","2929","2929","2929"
"466","0","0","0","2930","2930","2930"
"467","0","0","0","2931","2931","2931"
"468","0.003610108280554414","0.003610108280554414","0.003610108280554414","2932","2932","2932"
"469","0","0","0","2933","2933","2933"
"470","0","0","0","2934","2934","2934"
"471","0","0","0","2935","2935","2935"
"472","0.003816793905571103","0.003816793905571103","0.003816793905571103","2936","2936","2936"
"473","0.02380952425301075","0.02380952425301075","0.02380952425301075","2937","2937","2937"
"474","0","0","0","2938","2938","2938"
"475","0","0","0","3093","3093","3093"
"476","0","0","0","3094","3094","3094"
"477","0","0","0","3095","3095","3095"
"478","0","0","0","3096","3096","3096"
"479","0.004065040498971939","0.004065040498971939","0.004065040498971939","3097","3097","3097"
"480","0.021978022530674934","0.021978022530674934","0.021978022530674934","3098","3098","3098"
"481","0.01773049682378769","0.01773049682378769","0.01773049682378769","3099","3099","3099"
"482","0.02247191034257412","0.02247191034257412","0.02247191034257412","3100","3100","3100"
"483","0","0","0","3101","3101","3101"
"484","0.0211267601698637","0.0211267601698637","0.0211267601698637","3102","3102","3102"
"485","0","0","0","3103","3103","3103"
"486","0","0","0","3104","3104","3104"
"487","0","0","0","3105","3105","3105"
"488","0","0","0","3106","3106","3106"
"489","0","0","0","3107","3107","3107"
"490","0","0","0","3108","3108","3108"
"491","0","0","0","3109","3109","3109"
"492","0","0","0","3110","3110","3110"
"493","0","0","0","3111","3111","3111"
"494","0","0","0","3112","3112","3112"
"495","0","0","0","3113","3113","3113"
"496","0","0","0","3114","3114","3114"
"497","0","0","0","3115","3115","3115"
"498","0","0","0","3116","3116","3116"
"499","0","0","0","3117","3117","3117"
"500","0.003816793905571103","0.003816793905571103","0.003816793905571103","3118","3118","3118"
"501","0","0","0","3119","3119","3119"
"502","0","0","0","3120","3120","3120"
"503","0","0","0","3275","3275","3275"
"504","0","0","0","3276","3276","3276"
"505","0","0","0","3277","3277","3277"
"506","0","0","0","3278","3278","3278"
"507","0.024390242993831635","0.024390242993831635","0.024390242993831635","3279","3279","3279"
"508","0","0","0","3280","3280","3280"
"509","0","0","0","3281","3281","3281"
"510","0","0","0","3282","3282","3282"
"511","0","0","0","3283","3283","3283"
"512","0","0","0","3284","3284","3284"
"513","0","0","0","3285","3285","3285"
"514","0","0","0","3286","3286","3286"
"515","0","0","0","3287","3287","3287"
"516","0","0","0","3288","3288","3288"
"517","0","0","0","3289","3289","3289"
"518","0","0","0","3290","3290","3290"
"519","0","0","0","3291","3291","3291"
"520","0","0","0","3292","3292","3292"
"521","0","0","0","3293","3293","3293"
"522","0.050193049013614655","0.050193049013614655","0.050193049013614655","3294","3294","3294"
"523","0","0","0","3295","3295","3295"
"524","0","0","0","3296","3296","3296"
"525","0","0","0","3297","3297","3297"
"526","0.02867383509874344","0.02867383509874344","0.02867383509874344","3298","3298","3298"
"527","0.0035335689317435026","0.0035335689317435026","0.0035335689317435026","3299","3299","3299"
"528","0","0","0","3300","3300","3300"
"529","0","0","0","3301","3301","3301"
"530","0","0","0","3302","3302","3302"
"531","0","0","0","3457","3457","3457"
"532","0.011904762126505375","0.011904762126505375","0.011904762126505375","3458","3458","3458"
"533","0.04593639448285103","0.04593639448285103","0.04593639448285103","3459","3459","3459"
"534","0","0","0","3460","3460","3460"
"535","0.004065040498971939","0.004065040498971939","0.004065040498971939","3461","3461","3461"
"536","0.03663003817200661","0.03663003817200661","0.03663003817200661","3462","3462","3462"
"537","0.010638297535479069","0.010638297535479069","0.010638297535479069","3463","3463","3463"
"538","0","0","0","3464","3464","3464"
"539","0","0","0","3465","3465","3465"
"540","0.035211268812417984","0.035211268812417984","0.035211268812417984","3466","3466","3466"
"541","0","0","0","3467","3467","3467"
"542","0","0","0","3468","3468","3468"
"543","0","0","0","3469","3469","3469"
"544","0","0","0","3470","3470","3470"
"545","0","0","0","3471","3471","3471"
"546","0","0","0","3472","3472","3472"
"547","0","0","0","3473","3473","3473"
"548","0","0","0","3474","3474","3474"
"549","0","0","0","3475","3475","3475"
"550","0.023166023194789886","0.023166023194789886","0.023166023194789886","3476","3476","3476"
"551","0","0","0","3477","3477","3477"
"552","0.036101084202528","0.036101084202528","0.036101084202528","3478","3478","3478"
"553","0","0","0","3479","3479","3479"
"554","0.00716845877468586","0.00716845877468586","0.00716845877468586","3480","3480","3480"
"555","0","0","0","3481","3481","3481"
"556","0.003816793905571103","0.003816793905571103","0.003816793905571103","3482","3482","3482"
"557","0","0","0","3483","3483","3483"
"558","0","0","0","3484","3484","3484"
"559","0","0","0","3639","3639","3639"
"560","0","0","0","3640","3640","3640"
"561","0","0","0","3641","3641","3641"
"562","0","0","0","3642","3642","3642"
"563","0.004065040498971939","0.004065040498971939","0.004065040498971939","3643","3643","3643"
"564","0.06227106228470802","0.06227106228470802","0.06227106228470802","3644","3644","3644"
"565","0","0","0","3645","3645","3645"
"566","0","0","0","3646","3646","3646"
"567","0.008097166195511818","0.008097166195511818","0.008097166195511818","3647","3647","3647"
"568","0","0","0","3648","3648","3648"
"569","0","0","0","3649","3649","3649"
"570","0","0","0","3650","3650","3650"
"571","0","0","0","3651","3651","3651"
"572","0","0","0","3652","3652","3652"
"573","0","0","0","3653","3653","3653"
"574","0.00826446246355772","0.00826446246355772","0.00826446246355772","3654","3654","3654"
"575","0.014035088010132313","0.014035088010132313","0.014035088010132313","3655","3655","3655"
"576","0","0","0","3656","3656","3656"
"577","0","0","0","3657","3657","3657"
"578","0.03861003741621971","0.03861003741621971","0.03861003741621971","3658","3658","3658"
"579","0.039007093757390976","0.039007093757390976","0.039007093757390976","3659","3659","3659"
"580","0","0","0","3660","3660","3660"
"581","0","0","0","3661","3661","3661"
"582","0","0","0","3662","3662","3662"
"583","0","0","0","3663","3663","3663"
"584","0","0","0","3664","3664","3664"
"585","0","0","0","3665","3665","3665"
"586","0","0","0","3666","3666","3666"
"587","0","0","0","3821","3821","3821"
"588","0","0","0","3822","3822","3822"
"589","0.010600706562399864","0.010600706562399864","0.010600706562399864","3823","3823","3823"
"590","0","0","0","3824","3824","3824"
"591","0","0","0","3825","3825","3825"
"592","0","0","0","3826","3826","3826"
"593","0","0","0","3827","3827","3827"
"594","0.00374531839042902","0.00374531839042902","0.00374531839042902","3828","3828","3828"
"595","0","0","0","3829","3829","3829"
"596","0","0","0","3830","3830","3830"
"597","0","0","0","3831","3831","3831"
"598","0","0","0","3832","3832","3832"
"599","0","0","0","3833","3833","3833"
"600","0","0","0","3834","3834","3834"
"601","0","0","0","3835","3835","3835"
"602","0","0","0","3836","3836","3836"
"603","0","0","0","3837","3837","3837"
"604","0","0","0","3838","3838","3838"
"605","0","0","0","3839","3839","3839"
"606","0","0","0","3840","3840","3840"
"607","0","0","0","3841","3841","3841"
"608","0","0","0","3842","3842","3842"
"609","0","0","0","3843","3843","3843"
"610","0","0","0","3844","3844","3844"
"611","0","0","0","3845","3845","3845"
"612","0","0","0","3846","3846","3846"
"613","0","0","0","3847","3847","3847"
"614","0","0","0","3848","3848","3848"
"615","0","0","0","4003","4003","4003"
"616","0","0","0","4004","4004","4004"
"617","0","0","0","4005","4005","4005"
"618","0","0","0","4006","4006","4006"
"619","0","0","0","4007","4007","4007"
"620","0","0","0","4008","4008","4008"
"621","0","0","0","4009","4009","4009"
"622","0","0","0","4010","4010","4010"
"623","0.04048582911491394","0.04048582911491394","0.04048582911491394","4011","4011","4011"
"624","0.0211267601698637","0.0211267601698637","0.0211267601698637","4012","4012","4012"
"625","0","0","0","4013","4013","4013"
"626","0","0","0","4014","4014","4014"
"627","0.03759398311376572","0.03759398311376572","0.03759398311376572","4015","4015","4015"
"628","0","0","0","4016","4016","4016"
"629","0","0","0","4017","4017","4017"
"630","0","0","0","4018","4018","4018"
"631","0","0","0","4019","4019","4019"
"632","0","0","0","4020","4020","4020"
"633","0","0","0","4021","4021","4021"
"634","0","0","0","4022","4022","4022"
"635","0","0","0","4023","4023","4023"
"636","0","0","0","4024","4024","4024"
"637","0","0","0","4025","4025","4025"
"638","0","0","0","4026","4026","4026"
"639","0","0","0","4027","4027","4027"
"640","0","0","0","4028","4028","4028"
"641","0","0","0","4029","4029","4029"
"642","0.03180212154984474","0.03180212154984474","0.03180212154984474","4030","4030","4030"
"643","0","0","0","4185","4185","4185"
"644","0","0","0","4186","4186","4186"
"645","0","0","0","4187","4187","4187"
"646","0.021352313458919525","0.021352313458919525","0.021352313458919525","4188","4188","4188"
"647","0","0","0","4189","4189","4189"
"648","0.05860805884003639","0.05860805884003639","0.05860805884003639","4190","4190","4190"
"649","0","0","0","4191","4191","4191"
"650","0.02247191034257412","0.02247191034257412","0.02247191034257412","4192","4192","4192"
"651","0","0","0","4193","4193","4193"
"652","0","0","0","4194","4194","4194"
"653","0","0","0","4195","4195","4195"
"654","0","0","0","4196","4196","4196"
"655","0","0","0","4197","4197","4197"
"656","0","0","0","4198","4198","4198"
"657","0","0","0","4199","4199","4199"
"658","0","0","0","4200","4200","4200"
"659","0","0","0","4201","4201","4201"
"660","0","0","0","4202","4202","4202"
"661","0","0","0","4203","4203","4203"
"662","0","0","0","4204","4204","4204"
"663","0","0","0","4205","4205","4205"
"664","0","0","0","4206","4206","4206"
"665","0.016393441706895828","0.016393441706895828","0.016393441706895828","4207","4207","4207"
"666","0","0","0","4208","4208","4208"
"667","0","0","0","4209","4209","4209"
"668","0","0","0","4210","4210","4210"
"669","0","0","0","4211","4211","4211"
"670","0","0","0","4212","4212","4212"
"671","0","0","0","4367","4367","4367"
"672","0","0","0","4368","4368","4368"
"673","0.04593639448285103","0.04593639448285103","0.04593639448285103","4369","4369","4369"
"674","0","0","0","4370","4370","4370"